{
  "mse": 0.7731982585300297,
  "mae": 0.6755775893823838,
  "r2": 0.22747878493207518
}